{"count":1,"self":86.7465728,"total":92.869312999999991,"children":{"InitializeActuators":{"count":10,"self":0.0010000999999999999,"total":0.0010000999999999999,"children":null},"InitializeSensors":{"count":10,"self":0.0010000999999999999,"total":0.0010000999999999999,"children":null},"AgentSendState":{"count":6545,"self":0.0436917,"total":0.6112479,"children":{"CollectObservations":{"count":13090,"self":0.37089079999999996,"total":0.37089079999999996,"children":null},"WriteActionMask":{"count":13090,"self":0.0059359999999999994,"total":0.0059359999999999994,"children":null},"RequestDecision":{"count":13090,"self":0.1907294,"total":0.1907294,"children":null}}},"DecideAction":{"count":6545,"self":5.0267792,"total":5.0267789999999994,"children":null},"AgentAct":{"count":6545,"self":0.48271569999999997,"total":0.48271569999999997,"children":null}},"gauges":{"Walker.CumulativeReward":{"count":440,"max":207.246628,"min":-2,"runningAverage":21.9783154,"value":13.5630722,"weightedAverage":16.73426}},"metadata":{"timer_format_version":"0.1.0","start_time_seconds":"1674233085","unity_version":"2020.3.38f1","command_line_arguments":"D:\\Program Files\\Unity\\2020.3.38f1\\Editor\\Unity.exe -projectpath D:\\Project\\Unity\\Planet Racing -useHub -hubIPC -cloudEnvironment production","communication_protocol_version":"1.5.0","com.unity.ml-agents_version":"2.3.0-exp.3","scene_name":"Walker","end_time_seconds":"1674233178"}}